{"loss":{"0":0.347053647,"1":0.2805840373,"2":0.2659888864,"3":0.2571537793,"4":0.2538116872,"5":0.2524604797,"6":0.2484192252,"7":0.2383803129,"8":0.2318588197,"9":0.2368596345,"10":0.2252527177,"11":0.2209347039,"12":0.2213177234,"13":0.2133295834,"14":0.2073028535,"15":0.2069969028,"16":0.1982269287,"17":0.1979015023,"18":0.190553844,"19":0.1856998652,"20":0.1844319254,"21":0.1730187684,"22":0.1755592972,"23":0.1677138209,"24":0.1650302559,"25":0.1577708423,"26":0.1533173621,"27":0.1562050432,"28":0.1452264637,"29":0.1430519074},"accuracy":{"0":0.8593848944,"1":0.8813843727,"2":0.8861471415,"3":0.8900480866,"4":0.8918170929,"5":0.8925428391,"6":0.8925428391,"7":0.8966252208,"8":0.9022498131,"9":0.9003900886,"10":0.9061961174,"11":0.9055610895,"12":0.9072847962,"13":0.9106867313,"14":0.9126372337,"15":0.912727952,"16":0.9176267982,"17":0.9165381193,"18":0.9194865227,"19":0.9263358712,"20":0.9241585732,"21":0.9296017289,"22":0.9290120602,"23":0.9320511818,"24":0.9323233366,"25":0.9363603592,"26":0.9386736751,"27":0.9372675419,"28":0.9418942332,"29":0.942483902},"precision":{"0":0.855086267,"1":0.8793259859,"2":0.8861293793,"3":0.8898424506,"4":0.8911250234,"5":0.8923614025,"6":0.8923662901,"7":0.8970868587,"8":0.9022951722,"9":0.9002175927,"10":0.9062542319,"11":0.9058204293,"12":0.9072721601,"13":0.9108892679,"14":0.912727952,"15":0.9127851725,"16":0.9178119302,"17":0.9167649746,"18":0.9196315408,"19":0.9263291359,"20":0.924284339,"21":0.9294752479,"22":0.9290056229,"23":0.931930542,"24":0.9320696592,"25":0.9362782836,"26":0.9386681318,"27":0.9372618198,"28":0.9418994784,"29":0.9425266385},"recall":{"0":0.854077816,"1":0.8805225492,"2":0.8852853179,"3":0.8889141083,"4":0.8917717338,"5":0.8923614025,"6":0.8924067616,"7":0.8967612982,"8":0.9022951722,"9":0.9007076025,"10":0.9063775539,"11":0.9056971669,"12":0.9071487188,"13":0.9106413722,"14":0.912727952,"15":0.9129093885,"16":0.9178535938,"17":0.9167649746,"18":0.9192143679,"19":0.926245153,"20":0.9241585732,"21":0.9296017289,"22":0.9289213419,"23":0.9321419001,"24":0.9323233366,"25":0.9364057183,"26":0.9385829568,"27":0.9371768236,"28":0.9419849515,"29":0.942483902},"true_positives":{"0":18829.0,"1":19412.0,"2":19517.0,"3":19597.0,"4":19660.0,"5":19673.0,"6":19674.0,"7":19770.0,"8":19892.0,"9":19857.0,"10":19982.0,"11":19967.0,"12":19999.0,"13":20076.0,"14":20122.0,"15":20126.0,"16":20235.0,"17":20211.0,"18":20265.0,"19":20420.0,"20":20374.0,"21":20494.0,"22":20479.0,"23":20550.0,"24":20554.0,"25":20644.0,"26":20692.0,"27":20661.0,"28":20767.0,"29":20778.0},"true_negatives":{"0":18855.0,"1":19382.0,"2":19538.0,"3":19620.0,"4":19644.0,"5":19673.0,"6":19673.0,"7":19778.0,"8":19892.0,"9":19845.0,"10":19979.0,"11":19970.0,"12":20002.0,"13":20082.0,"14":20122.0,"15":20123.0,"16":20234.0,"17":20211.0,"18":20275.0,"19":20422.0,"20":20377.0,"21":20491.0,"22":20481.0,"23":20545.0,"24":20548.0,"25":20641.0,"26":20694.0,"27":20663.0,"28":20765.0,"29":20779.0},"false_positives":{"0":3191.0,"1":2664.0,"2":2508.0,"3":2426.0,"4":2402.0,"5":2373.0,"6":2373.0,"7":2268.0,"8":2154.0,"9":2201.0,"10":2067.0,"11":2076.0,"12":2044.0,"13":1964.0,"14":1924.0,"15":1923.0,"16":1812.0,"17":1835.0,"18":1771.0,"19":1624.0,"20":1669.0,"21":1555.0,"22":1565.0,"23":1501.0,"24":1498.0,"25":1405.0,"26":1352.0,"27":1383.0,"28":1281.0,"29":1267.0},"false_negatives":{"0":3217.0,"1":2634.0,"2":2529.0,"3":2449.0,"4":2386.0,"5":2373.0,"6":2372.0,"7":2276.0,"8":2154.0,"9":2189.0,"10":2064.0,"11":2079.0,"12":2047.0,"13":1970.0,"14":1924.0,"15":1920.0,"16":1811.0,"17":1835.0,"18":1781.0,"19":1626.0,"20":1672.0,"21":1552.0,"22":1567.0,"23":1496.0,"24":1492.0,"25":1402.0,"26":1354.0,"27":1385.0,"28":1279.0,"29":1268.0},"val_loss":{"0":0.2448777407,"1":0.2293128222,"2":0.2382486016,"3":0.2241132706,"4":0.230851084,"5":0.2227548063,"6":0.2161795646,"7":0.2294678092,"8":0.2172760963,"9":0.2191092074,"10":0.2275082171,"11":0.2179207057,"12":0.2392558008,"13":0.22282359,"14":0.2229854763,"15":0.2127270699,"16":0.218010664,"17":0.2184297889,"18":0.2201609164,"19":0.2274153829,"20":0.2403806448,"21":0.2404420823,"22":0.2276822627,"23":0.237742126,"24":0.2390274405,"25":0.2450507879,"26":0.2538121045,"27":0.2423342168,"28":0.2530186474,"29":0.2546864748},"val_accuracy":{"0":0.8971335292,"1":0.9063860774,"2":0.9047532678,"3":0.9105587602,"4":0.9036647081,"5":0.9074745774,"6":0.9127358198,"7":0.9118287563,"8":0.9121915698,"9":0.9123730063,"10":0.9074745774,"11":0.9141872525,"12":0.9038461447,"13":0.9100145102,"14":0.9127358198,"15":0.9187228084,"16":0.9189041853,"17":0.9152757525,"18":0.9160014391,"19":0.9094702601,"20":0.9092888236,"21":0.9091073871,"22":0.9074745774,"23":0.9063860774,"24":0.9034833312,"25":0.9067488909,"26":0.9105587602,"27":0.9074745774,"28":0.9060232043,"29":0.9033018947},"val_precision":{"0":0.8885135055,"1":0.9062159061,"2":0.9062613845,"3":0.9087129235,"4":0.9044504762,"5":0.9075722098,"6":0.9130197763,"7":0.9105882645,"8":0.9120579958,"9":0.9143742323,"10":0.9077872634,"11":0.9140369892,"12":0.9038636088,"13":0.910179615,"14":0.9127200246,"15":0.9185561538,"16":0.9185709357,"17":0.9152911305,"18":0.9156692028,"19":0.9099491835,"20":0.9114108682,"21":0.9092723727,"22":0.9074745774,"23":0.9062216282,"24":0.9030796885,"25":0.9064199924,"26":0.9105587602,"27":0.9074578285,"28":0.9061876535,"29":0.9033018947},"val_recall":{"0":0.9065675139,"1":0.9045718312,"2":0.9033018947,"3":0.9120101333,"4":0.9033018947,"5":0.9067488909,"6":0.9121915698,"7":0.9127358198,"8":0.9125544429,"9":0.9105587602,"10":0.9072932005,"11":0.9143686295,"12":0.9040275812,"13":0.9100145102,"14":0.9125544429,"15":0.9187228084,"16":0.9189041853,"17":0.9154571891,"18":0.9160014391,"19":0.9092888236,"20":0.907111764,"21":0.9091073871,"22":0.9074745774,"23":0.9063860774,"24":0.9043903947,"25":0.9067488909,"26":0.9105587602,"27":0.9072932005,"28":0.9060232043,"29":0.9033018947},"val_true_positives":{"0":4997.0,"1":4986.0,"2":4979.0,"3":5027.0,"4":4979.0,"5":4998.0,"6":5028.0,"7":5031.0,"8":5030.0,"9":5019.0,"10":5001.0,"11":5040.0,"12":4983.0,"13":5016.0,"14":5030.0,"15":5064.0,"16":5065.0,"17":5046.0,"18":5049.0,"19":5012.0,"20":5000.0,"21":5011.0,"22":5002.0,"23":4996.0,"24":4985.0,"25":4998.0,"26":5019.0,"27":5001.0,"28":4994.0,"29":4979.0},"val_true_negatives":{"0":4885.0,"1":4996.0,"2":4997.0,"3":5007.0,"4":4986.0,"5":5003.0,"6":5033.0,"7":5018.0,"8":5027.0,"9":5042.0,"10":5004.0,"11":5038.0,"12":4982.0,"13":5017.0,"14":5031.0,"15":5063.0,"16":5063.0,"17":5045.0,"18":5047.0,"19":5016.0,"20":5026.0,"21":5012.0,"22":5002.0,"23":4995.0,"24":4977.0,"25":4996.0,"26":5019.0,"27":5002.0,"28":4995.0,"29":4979.0},"val_false_positives":{"0":627.0,"1":516.0,"2":515.0,"3":505.0,"4":526.0,"5":509.0,"6":479.0,"7":494.0,"8":485.0,"9":470.0,"10":508.0,"11":474.0,"12":530.0,"13":495.0,"14":481.0,"15":449.0,"16":449.0,"17":467.0,"18":465.0,"19":496.0,"20":486.0,"21":500.0,"22":510.0,"23":517.0,"24":535.0,"25":516.0,"26":493.0,"27":510.0,"28":517.0,"29":533.0},"val_false_negatives":{"0":515.0,"1":526.0,"2":533.0,"3":485.0,"4":533.0,"5":514.0,"6":484.0,"7":481.0,"8":482.0,"9":493.0,"10":511.0,"11":472.0,"12":529.0,"13":496.0,"14":482.0,"15":448.0,"16":447.0,"17":466.0,"18":463.0,"19":500.0,"20":512.0,"21":501.0,"22":510.0,"23":516.0,"24":527.0,"25":514.0,"26":493.0,"27":511.0,"28":518.0,"29":533.0}}