{"loss":{"0":0.3694345951,"1":0.3099393249,"2":0.3044798672,"3":0.2940379083,"4":0.2895486653,"5":0.2884236872,"6":0.2871209085,"7":0.283346355,"8":0.2809673548,"9":0.2739414275,"10":0.2730670273,"11":0.2726127505,"12":0.2731989324,"13":0.2625125945,"14":0.2657984495,"15":0.2638224661,"16":0.2622976899,"17":0.259470433,"18":0.2558736503,"19":0.2493587136,"20":0.2523223162,"21":0.2507508099,"22":0.2469380051,"23":0.2509438396,"24":0.2442938238,"25":0.2433380634,"26":0.2391617745,"27":0.2366091162,"28":0.2316149175,"29":0.2330344915},"accuracy":{"0":0.852399528,"1":0.8722217083,"2":0.8710877299,"3":0.8770751953,"4":0.8786628246,"5":0.8783906102,"6":0.8787081838,"7":0.8809307814,"8":0.8801143169,"9":0.8868728876,"10":0.8878254294,"11":0.887008965,"12":0.8863739371,"13":0.8923160434,"14":0.8890955448,"15":0.8922706842,"16":0.8911367059,"17":0.8924067616,"18":0.8954005241,"19":0.8987571597,"20":0.8977592587,"21":0.8998911381,"22":0.8999364972,"23":0.8986664414,"24":0.9012519121,"25":0.8984850049,"26":0.904381752,"27":0.9037467241,"28":0.9042910337,"29":0.9064682722},"precision":{"0":0.8465873003,"1":0.8707334995,"2":0.8696204424,"3":0.8772168756,"4":0.8785610795,"5":0.8785830736,"6":0.8790724874,"7":0.8810160756,"8":0.8802957535,"9":0.8869131207,"10":0.8878305554,"11":0.8869028687,"12":0.8866545558,"13":0.8921199441,"14":0.8892920017,"15":0.8921493292,"16":0.8912274241,"17":0.8923062682,"18":0.8954675198,"19":0.8987979293,"20":0.8976917267,"21":0.8996055126,"22":0.8999410272,"23":0.898707211,"24":0.9012793899,"25":0.898530364,"26":0.9043300748,"27":0.9037877321,"28":0.9042369723,"29":0.9063491821},"recall":{"0":0.845051229,"1":0.8701805472,"2":0.8698176742,"3":0.8772566319,"4":0.8784813285,"5":0.8786628246,"6":0.8787535429,"7":0.8809761405,"8":0.8802957535,"9":0.8868728876,"10":0.8878707886,"11":0.8867821693,"12":0.8860110641,"13":0.8919985294,"14":0.8894130588,"15":0.8922706842,"16":0.8912274241,"17":0.8922253251,"18":0.8952644467,"19":0.8987571597,"20":0.8978953362,"21":0.8998911381,"22":0.8999818563,"23":0.8986664414,"24":0.9011158347,"25":0.898530364,"26":0.904699266,"27":0.9037467241,"28":0.9041549563,"29":0.9065136313},"true_positives":{"0":18630.0,"1":19184.0,"2":19176.0,"3":19340.0,"4":19367.0,"5":19371.0,"6":19373.0,"7":19422.0,"8":19407.0,"9":19552.0,"10":19574.0,"11":19550.0,"12":19533.0,"13":19665.0,"14":19608.0,"15":19671.0,"16":19648.0,"17":19670.0,"18":19737.0,"19":19814.0,"20":19795.0,"21":19839.0,"22":19841.0,"23":19812.0,"24":19866.0,"25":19809.0,"26":19945.0,"27":19924.0,"28":19933.0,"29":19985.0},"true_negatives":{"0":18670.0,"1":19198.0,"2":19171.0,"3":19339.0,"4":19369.0,"5":19369.0,"6":19381.0,"7":19423.0,"8":19407.0,"9":19553.0,"10":19573.0,"11":19553.0,"12":19549.0,"13":19668.0,"14":19605.0,"15":19668.0,"16":19648.0,"17":19672.0,"18":19742.0,"19":19815.0,"20":19790.0,"21":19832.0,"22":19840.0,"23":19813.0,"24":19870.0,"25":19809.0,"26":19936.0,"27":19925.0,"28":19935.0,"29":19981.0},"false_positives":{"0":3376.0,"1":2848.0,"2":2875.0,"3":2707.0,"4":2677.0,"5":2677.0,"6":2665.0,"7":2623.0,"8":2639.0,"9":2493.0,"10":2473.0,"11":2493.0,"12":2497.0,"13":2378.0,"14":2441.0,"15":2378.0,"16":2398.0,"17":2374.0,"18":2304.0,"19":2231.0,"20":2256.0,"21":2214.0,"22":2206.0,"23":2233.0,"24":2176.0,"25":2237.0,"26":2110.0,"27":2121.0,"28":2111.0,"29":2065.0},"false_negatives":{"0":3416.0,"1":2862.0,"2":2870.0,"3":2706.0,"4":2679.0,"5":2675.0,"6":2673.0,"7":2624.0,"8":2639.0,"9":2494.0,"10":2472.0,"11":2496.0,"12":2513.0,"13":2381.0,"14":2438.0,"15":2375.0,"16":2398.0,"17":2376.0,"18":2309.0,"19":2232.0,"20":2251.0,"21":2207.0,"22":2205.0,"23":2234.0,"24":2180.0,"25":2237.0,"26":2101.0,"27":2122.0,"28":2113.0,"29":2061.0},"val_loss":{"0":0.2720635831,"1":0.2497090399,"2":0.2553237379,"3":0.2455066592,"4":0.2396784574,"5":0.2419331223,"6":0.2413208336,"7":0.23727566,"8":0.232368961,"9":0.2306364924,"10":0.2343330383,"11":0.2299078554,"12":0.2322049588,"13":0.2241840363,"14":0.2256963849,"15":0.2224741876,"16":0.2346724719,"17":0.2234334499,"18":0.2273618281,"19":0.231044516,"20":0.2213398963,"21":0.2290601134,"22":0.2276905179,"23":0.2241574526,"24":0.2273518443,"25":0.2285859585,"26":0.227070719,"27":0.2283980101,"28":0.2206672877,"29":0.2241729796},"val_accuracy":{"0":0.8887881041,"1":0.8962264061,"2":0.8973149657,"3":0.8987663388,"4":0.9020319581,"5":0.9027576447,"6":0.901124835,"7":0.9043903947,"8":0.908200264,"9":0.9033018947,"10":0.9087445736,"11":0.9069303274,"12":0.9098330736,"13":0.9125544429,"14":0.9114658833,"15":0.9101959467,"16":0.907111764,"17":0.9109216332,"18":0.9112844467,"19":0.9069303274,"20":0.9114658833,"21":0.9072932005,"22":0.9092888236,"23":0.9092888236,"24":0.9094702601,"25":0.9111030698,"26":0.9109216332,"27":0.9096516967,"28":0.914005816,"29":0.9096516967},"val_precision":{"0":0.8856474161,"1":0.8958635926,"2":0.8972640038,"3":0.8989110589,"4":0.9029972553,"5":0.903067708,"6":0.9019251466,"7":0.9045372009,"8":0.9080688953,"9":0.903647244,"10":0.9087280035,"11":0.9070780277,"12":0.9095031023,"13":0.9125226736,"14":0.9114658833,"15":0.9105425477,"16":0.9071286321,"17":0.9109216332,"18":0.9114498496,"19":0.9069303274,"20":0.9113327265,"21":0.9064253569,"22":0.9092888236,"23":0.9093052745,"24":0.9096352458,"25":0.9109377861,"26":0.9107564092,"27":0.9096516967,"28":0.9139901996,"29":0.9103799462},"val_recall":{"0":0.8922351003,"1":0.8958635926,"2":0.8984034657,"3":0.8985849023,"4":0.9018505216,"5":0.9025762081,"6":0.9009433985,"7":0.9042090178,"8":0.9085631371,"9":0.9034833312,"10":0.9085631371,"11":0.9067488909,"12":0.9098330736,"13":0.9121915698,"14":0.9114658833,"15":0.9103773832,"16":0.9072932005,"17":0.9109216332,"18":0.9112844467,"19":0.9069303274,"20":0.9118287563,"21":0.9085631371,"22":0.9092888236,"23":0.9094702601,"24":0.9094702601,"25":0.9111030698,"26":0.9109216332,"27":0.9096516967,"28":0.9138243794,"29":0.9085631371},"val_true_positives":{"0":4918.0,"1":4938.0,"2":4952.0,"3":4953.0,"4":4971.0,"5":4975.0,"6":4966.0,"7":4984.0,"8":5008.0,"9":4980.0,"10":5008.0,"11":4998.0,"12":5015.0,"13":5028.0,"14":5024.0,"15":5018.0,"16":5001.0,"17":5021.0,"18":5023.0,"19":4999.0,"20":5026.0,"21":5008.0,"22":5012.0,"23":5013.0,"24":5013.0,"25":5022.0,"26":5021.0,"27":5014.0,"28":5037.0,"29":5008.0},"val_true_negatives":{"0":4877.0,"1":4938.0,"2":4945.0,"3":4955.0,"4":4978.0,"5":4978.0,"6":4972.0,"7":4986.0,"8":5005.0,"9":4981.0,"10":5009.0,"11":5000.0,"12":5013.0,"13":5030.0,"14":5024.0,"15":5019.0,"16":5000.0,"17":5021.0,"18":5024.0,"19":4999.0,"20":5023.0,"21":4995.0,"22":5012.0,"23":5012.0,"24":5014.0,"25":5021.0,"26":5020.0,"27":5014.0,"28":5038.0,"29":5019.0},"val_false_positives":{"0":635.0,"1":574.0,"2":567.0,"3":557.0,"4":534.0,"5":534.0,"6":540.0,"7":526.0,"8":507.0,"9":531.0,"10":503.0,"11":512.0,"12":499.0,"13":482.0,"14":488.0,"15":493.0,"16":512.0,"17":491.0,"18":488.0,"19":513.0,"20":489.0,"21":517.0,"22":500.0,"23":500.0,"24":498.0,"25":491.0,"26":492.0,"27":498.0,"28":474.0,"29":493.0},"val_false_negatives":{"0":594.0,"1":574.0,"2":560.0,"3":559.0,"4":541.0,"5":537.0,"6":546.0,"7":528.0,"8":504.0,"9":532.0,"10":504.0,"11":514.0,"12":497.0,"13":484.0,"14":488.0,"15":494.0,"16":511.0,"17":491.0,"18":489.0,"19":513.0,"20":486.0,"21":504.0,"22":500.0,"23":499.0,"24":499.0,"25":490.0,"26":491.0,"27":498.0,"28":475.0,"29":504.0}}