{"loss":{"0":0.3088158667,"1":0.2599231005,"2":0.2602903843,"3":0.2508709729,"4":0.244432345,"5":0.2428478301,"6":0.2365751266,"7":0.2362777591,"8":0.229530856,"9":0.2241559774,"10":0.2224797457,"11":0.212980479,"12":0.2077831328,"13":0.2063029408,"14":0.199519679,"15":0.1931844503,"16":0.1924460828,"17":0.1864397824,"18":0.1801032275,"19":0.1781003773,"20":0.1745274067,"21":0.1650935262,"22":0.1636593938,"23":0.1593512744,"24":0.1578101367,"25":0.154130131,"26":0.1530489475,"27":0.1459360123,"28":0.147061184,"29":0.1406602114},"accuracy":{"0":0.8761680126,"1":0.8926789165,"2":0.8924974799,"3":0.8952190876,"4":0.8998911381,"5":0.8992107511,"6":0.9021137357,"7":0.9028849006,"8":0.9055610895,"9":0.9091898799,"10":0.9084641337,"11":0.9143155217,"12":0.9178082347,"13":0.9147691131,"14":0.9213916063,"15":0.9221174121,"16":0.9243853688,"17":0.925111115,"18":0.9281048775,"19":0.9320511818,"20":0.9316883087,"21":0.9344098568,"22":0.9355891943,"23":0.937630415,"24":0.9367685914,"25":0.9399437308,"26":0.9412592053,"27":0.9437085986,"28":0.9436632395,"29":0.9454776645},"precision":{"0":0.8726810813,"1":0.8915990591,"2":0.8922560215,"3":0.8951978683,"4":0.9000771642,"5":0.8987221122,"6":0.901959002,"7":0.9023616314,"8":0.9055850506,"9":0.9089507461,"10":0.9083609581,"11":0.9140745401,"12":0.9176908135,"13":0.9148975015,"14":0.9212520123,"15":0.9218799472,"16":0.924462378,"17":0.9250555634,"18":0.9281793237,"19":0.9321811199,"20":0.9316852093,"21":0.9342886806,"22":0.9355131388,"23":0.9375850558,"24":0.9367657304,"25":0.9398158789,"26":0.941131115,"27":0.9435374141,"28":0.9437060356,"29":0.9455584884},"recall":{"0":0.8727206588,"1":0.8920438886,"2":0.8921346068,"3":0.8946294188,"4":0.8997097015,"5":0.8996189833,"6":0.9022044539,"7":0.9029756188,"8":0.905379653,"9":0.9092805982,"10":0.9082373381,"11":0.91440624,"12":0.917898953,"13":0.9148144722,"14":0.9212101698,"15":0.921754539,"16":0.9242946506,"17":0.9249296784,"18":0.9279688001,"19":0.9320965409,"20":0.9316429496,"21":0.9345005751,"22":0.9357253313,"23":0.9375850558,"24":0.9367232323,"25":0.9399437308,"26":0.9412592053,"27":0.9437085986,"28":0.9436632395,"29":0.9453869462},"true_positives":{"0":19240.0,"1":19666.0,"2":19668.0,"3":19723.0,"4":19835.0,"5":19833.0,"6":19890.0,"7":19907.0,"8":19960.0,"9":20046.0,"10":20023.0,"11":20159.0,"12":20236.0,"13":20168.0,"14":20309.0,"15":20321.0,"16":20377.0,"17":20391.0,"18":20458.0,"19":20549.0,"20":20539.0,"21":20602.0,"22":20629.0,"23":20670.0,"24":20651.0,"25":20722.0,"26":20751.0,"27":20805.0,"28":20804.0,"29":20842.0},"true_negatives":{"0":19239.0,"1":19655.0,"2":19671.0,"3":19737.0,"4":19844.0,"5":19811.0,"6":19884.0,"7":19892.0,"8":19965.0,"9":20038.0,"10":20026.0,"11":20151.0,"12":20231.0,"13":20170.0,"14":20310.0,"15":20324.0,"16":20381.0,"17":20394.0,"18":20463.0,"19":20551.0,"20":20540.0,"21":20597.0,"22":20624.0,"23":20670.0,"24":20652.0,"25":20719.0,"26":20748.0,"27":20801.0,"28":20805.0,"29":20846.0},"false_positives":{"0":2807.0,"1":2391.0,"2":2375.0,"3":2309.0,"4":2202.0,"5":2235.0,"6":2162.0,"7":2154.0,"8":2081.0,"9":2008.0,"10":2020.0,"11":1895.0,"12":1815.0,"13":1876.0,"14":1736.0,"15":1722.0,"16":1665.0,"17":1652.0,"18":1583.0,"19":1495.0,"20":1506.0,"21":1449.0,"22":1422.0,"23":1376.0,"24":1394.0,"25":1327.0,"26":1298.0,"27":1245.0,"28":1241.0,"29":1200.0},"false_negatives":{"0":2806.0,"1":2380.0,"2":2378.0,"3":2323.0,"4":2211.0,"5":2213.0,"6":2156.0,"7":2139.0,"8":2086.0,"9":2000.0,"10":2023.0,"11":1887.0,"12":1810.0,"13":1878.0,"14":1737.0,"15":1725.0,"16":1669.0,"17":1655.0,"18":1588.0,"19":1497.0,"20":1507.0,"21":1444.0,"22":1417.0,"23":1376.0,"24":1395.0,"25":1324.0,"26":1295.0,"27":1241.0,"28":1242.0,"29":1204.0},"val_loss":{"0":0.232591942,"1":0.2233924866,"2":0.2266719043,"3":0.2318252921,"4":0.2284707725,"5":0.2289166749,"6":0.2272452712,"7":0.2232489884,"8":0.2162307054,"9":0.2125466466,"10":0.2189624906,"11":0.2205446959,"12":0.2198424339,"13":0.2222223878,"14":0.2250849456,"15":0.2323629409,"16":0.229956612,"17":0.2474171221,"18":0.246997118,"19":0.2347576618,"20":0.2384649962,"21":0.2520244718,"22":0.2486202717,"23":0.2606270909,"24":0.2558042407,"25":0.2611652315,"26":0.2623155117,"27":0.2575274706,"28":0.2666005194,"29":0.2668080628},"val_accuracy":{"0":0.9002177119,"1":0.907111764,"2":0.9058418274,"3":0.9051160812,"4":0.9043903947,"5":0.9085631371,"6":0.9052975178,"7":0.9052975178,"8":0.9089259505,"9":0.9109216332,"10":0.9105587602,"11":0.9118287563,"12":0.9105587602,"13":0.9138243794,"14":0.914005816,"15":0.9109216332,"16":0.9091073871,"17":0.9098330736,"18":0.9072932005,"19":0.9152757525,"20":0.914550066,"21":0.9107401967,"22":0.9116473198,"23":0.9103773832,"24":0.9098330736,"25":0.908200264,"26":0.9091073871,"27":0.9098330736,"28":0.9023947716,"29":0.9085631371},"val_precision":{"0":0.904648602,"1":0.9068165421,"2":0.9056228399,"3":0.9050299525,"4":0.9042611122,"5":0.908052206,"6":0.9058866501,"7":0.9054274559,"8":0.90890944,"9":0.9110707641,"10":0.9103611112,"11":0.9118287563,"12":0.9103935957,"13":0.9139901996,"14":0.914005816,"15":0.9109216332,"16":0.9093217254,"17":0.9098167419,"18":0.9072932005,"19":0.9152603745,"20":0.914550066,"21":0.9107239842,"22":0.9117967486,"23":0.9105587602,"24":0.9098003507,"25":0.9083650708,"26":0.909008503,"27":0.9099655151,"28":0.9023947716,"29":0.9085631371},"val_recall":{"0":0.8967706561,"1":0.9074745774,"2":0.9087445736,"3":0.9042090178,"4":0.9047532678,"5":0.9083817005,"6":0.9045718312,"7":0.9049347043,"8":0.9087445736,"9":0.9107401967,"10":0.9101959467,"11":0.9118287563,"12":0.9105587602,"13":0.9138243794,"14":0.914005816,"15":0.9109216332,"16":0.9096516967,"17":0.9096516967,"18":0.9072932005,"19":0.915094316,"20":0.914550066,"21":0.9105587602,"22":0.9114658833,"23":0.9105587602,"24":0.9094702601,"25":0.908200264,"26":0.9098330736,"27":0.9094702601,"28":0.9023947716,"29":0.9085631371},"val_true_positives":{"0":4943.0,"1":5002.0,"2":5009.0,"3":4984.0,"4":4987.0,"5":5007.0,"6":4986.0,"7":4988.0,"8":5009.0,"9":5020.0,"10":5017.0,"11":5026.0,"12":5019.0,"13":5037.0,"14":5038.0,"15":5021.0,"16":5014.0,"17":5014.0,"18":5001.0,"19":5044.0,"20":5041.0,"21":5019.0,"22":5024.0,"23":5019.0,"24":5013.0,"25":5006.0,"26":5015.0,"27":5013.0,"28":4974.0,"29":5008.0},"val_true_negatives":{"0":4991.0,"1":4998.0,"2":4990.0,"3":4989.0,"4":4984.0,"5":5005.0,"6":4994.0,"7":4991.0,"8":5010.0,"9":5022.0,"10":5018.0,"11":5026.0,"12":5018.0,"13":5038.0,"14":5038.0,"15":5021.0,"16":5012.0,"17":5015.0,"18":5001.0,"19":5045.0,"20":5041.0,"21":5020.0,"22":5026.0,"23":5019.0,"24":5015.0,"25":5007.0,"26":5010.0,"27":5016.0,"28":4974.0,"29":5008.0},"val_false_positives":{"0":521.0,"1":514.0,"2":522.0,"3":523.0,"4":528.0,"5":507.0,"6":518.0,"7":521.0,"8":502.0,"9":490.0,"10":494.0,"11":486.0,"12":494.0,"13":474.0,"14":474.0,"15":491.0,"16":500.0,"17":497.0,"18":511.0,"19":467.0,"20":471.0,"21":492.0,"22":486.0,"23":493.0,"24":497.0,"25":505.0,"26":502.0,"27":496.0,"28":538.0,"29":504.0},"val_false_negatives":{"0":569.0,"1":510.0,"2":503.0,"3":528.0,"4":525.0,"5":505.0,"6":526.0,"7":524.0,"8":503.0,"9":492.0,"10":495.0,"11":486.0,"12":493.0,"13":475.0,"14":474.0,"15":491.0,"16":498.0,"17":498.0,"18":511.0,"19":468.0,"20":471.0,"21":493.0,"22":488.0,"23":493.0,"24":499.0,"25":506.0,"26":497.0,"27":499.0,"28":538.0,"29":504.0}}