{"loss":{"0":0.6968402267,"1":0.6191006899,"2":0.6046590805,"3":0.6043362021,"4":0.6002010703,"5":0.6009654403,"6":0.5977656841,"7":0.5915237069,"8":0.5944806337,"9":0.5899317861,"10":0.5900592208,"11":0.5865854025,"12":0.5898324251,"13":0.5875501633,"14":0.5832276344,"15":0.5836641788,"16":0.5825765133,"17":0.5803996325,"18":0.577198863,"19":0.5787661076,"20":0.580663383,"21":0.579814136,"22":0.5774598718,"23":0.5733990669,"24":0.5757743716,"25":0.5709335208,"26":0.5709257722,"27":0.5728082657,"28":0.5689814091,"29":0.5718148351},"accuracy":{"0":0.6455139518,"1":0.6725482941,"2":0.6801687479,"3":0.6791708469,"4":0.6802594662,"5":0.6816202402,"6":0.6817109585,"7":0.6861108541,"8":0.6886056662,"9":0.6900571585,"10":0.6910097003,"11":0.6906014681,"12":0.690556109,"13":0.6928694844,"14":0.6932323575,"15":0.6957271099,"16":0.6942302585,"17":0.69677037,"18":0.6981765628,"19":0.6991291046,"20":0.6972693205,"21":0.6979951262,"22":0.6969518065,"23":0.7024857402,"24":0.7008527517,"25":0.702757895,"26":0.7028032541,"27":0.7025310993,"28":0.7093350291,"29":0.7072938681},"precision":{"0":0.6350291967,"1":0.6668624878,"2":0.6800072789,"3":0.6795220971,"4":0.6803337932,"5":0.6814781427,"6":0.681935668,"7":0.6863287687,"8":0.6888555884,"9":0.6899396777,"10":0.6910797954,"11":0.6910797954,"12":0.6908175349,"13":0.6924228072,"14":0.6932111979,"15":0.6956009269,"16":0.6939858198,"17":0.6969793439,"18":0.6979908347,"19":0.6990472078,"20":0.6972501874,"21":0.6977800131,"22":0.696835041,"23":0.7023420334,"24":0.7007299066,"25":0.7030668855,"26":0.7027627826,"27":0.702372849,"28":0.7093788385,"29":0.7072805762},"recall":{"0":0.6358069777,"1":0.6693731546,"2":0.6774471402,"3":0.6785357594,"4":0.6803955436,"5":0.6817563176,"6":0.6820284724,"7":0.6861108541,"8":0.6886056662,"9":0.6902839541,"10":0.691236496,"11":0.691236496,"12":0.6906921864,"13":0.6926426291,"14":0.6933684349,"15":0.6957271099,"16":0.6940488219,"17":0.6970425248,"18":0.6980858445,"19":0.6988569498,"20":0.6969971657,"21":0.6971786022,"22":0.6970878839,"23":0.7018960118,"24":0.7010795474,"25":0.7029393315,"26":0.7026671767,"27":0.7022135258,"28":0.7091535926,"29":0.7072485089},"true_positives":{"0":14017.0,"1":14757.0,"2":14935.0,"3":14959.0,"4":15000.0,"5":15030.0,"6":15036.0,"7":15126.0,"8":15181.0,"9":15218.0,"10":15239.0,"11":15239.0,"12":15227.0,"13":15270.0,"14":15286.0,"15":15338.0,"16":15301.0,"17":15367.0,"18":15390.0,"19":15407.0,"20":15366.0,"21":15370.0,"22":15368.0,"23":15474.0,"24":15456.0,"25":15497.0,"26":15491.0,"27":15481.0,"28":15634.0,"29":15592.0},"true_negatives":{"0":13990.0,"1":14674.0,"2":15018.0,"3":14991.0,"4":14998.0,"5":15021.0,"6":15033.0,"7":15133.0,"8":15189.0,"9":15207.0,"10":15234.0,"11":15234.0,"12":15231.0,"13":15263.0,"14":15281.0,"15":15334.0,"16":15299.0,"17":15365.0,"18":15387.0,"19":15413.0,"20":15374.0,"21":15389.0,"22":15360.0,"23":15488.0,"24":15445.0,"25":15501.0,"26":15494.0,"27":15486.0,"28":15641.0,"29":15593.0},"false_positives":{"0":8056.0,"1":7372.0,"2":7028.0,"3":7055.0,"4":7048.0,"5":7025.0,"6":7013.0,"7":6913.0,"8":6857.0,"9":6839.0,"10":6812.0,"11":6812.0,"12":6815.0,"13":6783.0,"14":6765.0,"15":6712.0,"16":6747.0,"17":6681.0,"18":6659.0,"19":6633.0,"20":6672.0,"21":6657.0,"22":6686.0,"23":6558.0,"24":6601.0,"25":6545.0,"26":6552.0,"27":6560.0,"28":6405.0,"29":6453.0},"false_negatives":{"0":8029.0,"1":7289.0,"2":7111.0,"3":7087.0,"4":7046.0,"5":7016.0,"6":7010.0,"7":6920.0,"8":6865.0,"9":6828.0,"10":6807.0,"11":6807.0,"12":6819.0,"13":6776.0,"14":6760.0,"15":6708.0,"16":6745.0,"17":6679.0,"18":6656.0,"19":6639.0,"20":6680.0,"21":6676.0,"22":6678.0,"23":6572.0,"24":6590.0,"25":6549.0,"26":6555.0,"27":6565.0,"28":6412.0,"29":6454.0},"val_loss":{"0":0.6097118258,"1":0.5767613053,"2":0.5752398968,"3":0.5879410505,"4":0.5631527305,"5":0.5734166503,"6":0.5827109218,"7":0.5821635127,"8":0.5603247285,"9":0.5636028051,"10":0.5635271668,"11":0.5653693676,"12":0.5597752333,"13":0.5668935776,"14":0.5531398058,"15":0.5497282147,"16":0.5503250957,"17":0.5519708395,"18":0.5600412488,"19":0.5577946305,"20":0.5535856485,"21":0.5472271442,"22":0.5493645072,"23":0.5431024432,"24":0.5462962985,"25":0.5503792763,"26":0.5560923815,"27":0.5467391014,"28":0.5448430181,"29":0.5491004586},"val_accuracy":{"0":0.671988368,"1":0.703011632,"2":0.7080914378,"3":0.6955732703,"4":0.7131712437,"5":0.7046444416,"6":0.6877721548,"7":0.6984760761,"8":0.7124455571,"9":0.716981113,"10":0.7037373185,"11":0.7106313705,"12":0.7133526802,"13":0.7044630051,"14":0.7184324861,"15":0.7200652957,"16":0.7218795419,"17":0.7164368629,"18":0.7155297399,"19":0.7131712437,"20":0.7184324861,"21":0.723330915,"22":0.7211538553,"23":0.7334905863,"24":0.7231494784,"25":0.7207909822,"26":0.7191581726,"27":0.7207909822,"28":0.7298620939,"29":0.7209724188},"val_precision":{"0":0.6750276685,"1":0.7063346505,"2":0.7073657513,"3":0.694419384,"4":0.7131712437,"5":0.7043888569,"6":0.6877040267,"7":0.6982946396,"8":0.7130402923,"9":0.7167210579,"10":0.7037708759,"11":0.7106313705,"12":0.7155125141,"13":0.7043888569,"14":0.7184324861,"15":0.7202759385,"16":0.7218290567,"17":0.7164368629,"18":0.7155297399,"19":0.7130419016,"20":0.7182842493,"21":0.7231997252,"22":0.7226170897,"23":0.7334542274,"24":0.7238615751,"25":0.7210526466,"26":0.718931675,"27":0.7205295563,"28":0.730009079,"29":0.7209724188},"val_recall":{"0":0.664005816,"1":0.6999274492,"2":0.7073657513,"3":0.697568953,"4":0.7131712437,"5":0.7046444416,"6":0.6879535317,"7":0.6982946396,"8":0.7122641802,"9":0.716981113,"10":0.7042815685,"11":0.7106313705,"12":0.710449934,"13":0.7046444416,"14":0.7184324861,"15":0.7198839188,"16":0.7216981053,"17":0.7164368629,"18":0.7155297399,"19":0.7131712437,"20":0.716981113,"21":0.723330915,"22":0.7193396091,"23":0.7338533998,"24":0.7209724188,"25":0.7207909822,"26":0.717888236,"27":0.7207909822,"28":0.7304064035,"29":0.7209724188},"val_true_positives":{"0":3660.0,"1":3858.0,"2":3899.0,"3":3845.0,"4":3931.0,"5":3884.0,"6":3792.0,"7":3849.0,"8":3926.0,"9":3952.0,"10":3882.0,"11":3917.0,"12":3916.0,"13":3884.0,"14":3960.0,"15":3968.0,"16":3978.0,"17":3949.0,"18":3944.0,"19":3931.0,"20":3952.0,"21":3987.0,"22":3965.0,"23":4045.0,"24":3974.0,"25":3973.0,"26":3957.0,"27":3973.0,"28":4026.0,"29":3974.0},"val_true_negatives":{"0":3750.0,"1":3908.0,"2":3899.0,"3":3820.0,"4":3931.0,"5":3882.0,"6":3790.0,"7":3849.0,"8":3932.0,"9":3950.0,"10":3878.0,"11":3917.0,"12":3955.0,"13":3882.0,"14":3960.0,"15":3971.0,"16":3979.0,"17":3949.0,"18":3944.0,"19":3930.0,"20":3962.0,"21":3986.0,"22":3990.0,"23":4042.0,"24":3996.0,"25":3975.0,"26":3965.0,"27":3971.0,"28":4023.0,"29":3974.0},"val_false_positives":{"0":1762.0,"1":1604.0,"2":1613.0,"3":1692.0,"4":1581.0,"5":1630.0,"6":1722.0,"7":1663.0,"8":1580.0,"9":1562.0,"10":1634.0,"11":1595.0,"12":1557.0,"13":1630.0,"14":1552.0,"15":1541.0,"16":1533.0,"17":1563.0,"18":1568.0,"19":1582.0,"20":1550.0,"21":1526.0,"22":1522.0,"23":1470.0,"24":1516.0,"25":1537.0,"26":1547.0,"27":1541.0,"28":1489.0,"29":1538.0},"val_false_negatives":{"0":1852.0,"1":1654.0,"2":1613.0,"3":1667.0,"4":1581.0,"5":1628.0,"6":1720.0,"7":1663.0,"8":1586.0,"9":1560.0,"10":1630.0,"11":1595.0,"12":1596.0,"13":1628.0,"14":1552.0,"15":1544.0,"16":1534.0,"17":1563.0,"18":1568.0,"19":1581.0,"20":1560.0,"21":1525.0,"22":1547.0,"23":1467.0,"24":1538.0,"25":1539.0,"26":1555.0,"27":1539.0,"28":1486.0,"29":1538.0}}