{"loss":{"0":0.2526725829,"1":0.2090671211,"2":0.2016841918,"3":0.1916088909,"4":0.1904782206,"5":0.1828449219,"6":0.1816775799,"7":0.1808379889,"8":0.1727178246,"9":0.1726762205,"10":0.169853583,"11":0.1668704748,"12":0.1628585309,"13":0.1583206952,"14":0.1574396938,"15":0.1543085277,"16":0.1526512504,"17":0.1454285532,"18":0.1424252093,"19":0.1437919438,"20":0.1393211782,"21":0.1367703825,"22":0.1367587,"23":0.1337418705,"24":0.1265901774,"25":0.1238396168,"26":0.1220438108,"27":0.1182955652,"28":0.114570953,"29":0.1156035662},"accuracy":{"0":0.9052889347,"1":0.9191236496,"2":0.9222081304,"3":0.9267894626,"4":0.9249750376,"5":0.9280141592,"6":0.9293749332,"7":0.9305089116,"8":0.9334119558,"9":0.9336841106,"10":0.9352716804,"11":0.9367685914,"12":0.9374943376,"13":0.939671576,"14":0.9392633438,"15":0.9409870505,"16":0.9403973222,"17":0.9437085986,"18":0.9456137419,"19":0.944525063,"20":0.9472013116,"21":0.9485620856,"22":0.9494692683,"23":0.9516919255,"24":0.9511022568,"25":0.9535970092,"26":0.9533702135,"27":0.956363976,"28":0.9564093351,"29":0.9555475116},"precision":{"0":0.9015687108,"1":0.9180431962,"2":0.9213008881,"3":0.926535964,"4":0.9251793623,"5":0.9282700419,"6":0.9293653369,"7":0.9305776358,"8":0.9332456589,"9":0.9334844947,"10":0.93522048,"11":0.9366893172,"12":0.9374575019,"13":0.9401034713,"14":0.9392551184,"15":0.9409870505,"16":0.9404156804,"17":0.9437539577,"18":0.9455205202,"19":0.9445578456,"20":0.9469532371,"21":0.9485620856,"22":0.9494761825,"23":0.9517263174,"24":0.9509705901,"25":0.9535105228,"26":0.9534566998,"27":0.9564842582,"28":0.9565414786,"29":0.9555434585},"recall":{"0":0.9019776583,"1":0.9176267982,"2":0.9213008881,"3":0.9261997938,"4":0.9243400097,"5":0.9280595183,"6":0.9292388558,"7":0.9302821159,"8":0.933457315,"9":0.9338655472,"10":0.935135603,"11":0.9368593097,"12":0.9375850558,"13":0.9397622943,"14":0.9391272664,"15":0.9409870505,"16":0.93998909,"17":0.9437539577,"18":0.9454776645,"19":0.9443436265,"20":0.9473827481,"21":0.9485620856,"22":0.9496053457,"23":0.951510489,"24":0.9510568976,"25":0.9535970092,"26":0.9533702135,"27":0.9561371803,"28":0.9564546943,"29":0.9554567933},"true_positives":{"0":19885.0,"1":20230.0,"2":20311.0,"3":20419.0,"4":20378.0,"5":20460.0,"6":20486.0,"7":20509.0,"8":20579.0,"9":20588.0,"10":20616.0,"11":20654.0,"12":20670.0,"13":20718.0,"14":20704.0,"15":20745.0,"16":20723.0,"17":20806.0,"18":20844.0,"19":20819.0,"20":20886.0,"21":20912.0,"22":20935.0,"23":20977.0,"24":20967.0,"25":21023.0,"26":21018.0,"27":21079.0,"28":21086.0,"29":21064.0},"true_negatives":{"0":19875.0,"1":20240.0,"2":20311.0,"3":20427.0,"4":20398.0,"5":20465.0,"6":20489.0,"7":20516.0,"8":20574.0,"9":20579.0,"10":20618.0,"11":20650.0,"12":20667.0,"13":20726.0,"14":20707.0,"15":20745.0,"16":20733.0,"17":20806.0,"18":20845.0,"19":20824.0,"20":20876.0,"21":20912.0,"22":20932.0,"23":20982.0,"24":20965.0,"25":21021.0,"26":21020.0,"27":21087.0,"28":21088.0,"29":21066.0},"false_positives":{"0":2171.0,"1":1806.0,"2":1735.0,"3":1619.0,"4":1648.0,"5":1581.0,"6":1557.0,"7":1530.0,"8":1472.0,"9":1467.0,"10":1428.0,"11":1396.0,"12":1379.0,"13":1320.0,"14":1339.0,"15":1301.0,"16":1313.0,"17":1240.0,"18":1201.0,"19":1222.0,"20":1170.0,"21":1134.0,"22":1114.0,"23":1064.0,"24":1081.0,"25":1025.0,"26":1026.0,"27":959.0,"28":958.0,"29":980.0},"false_negatives":{"0":2161.0,"1":1816.0,"2":1735.0,"3":1627.0,"4":1668.0,"5":1586.0,"6":1560.0,"7":1537.0,"8":1467.0,"9":1458.0,"10":1430.0,"11":1392.0,"12":1376.0,"13":1328.0,"14":1342.0,"15":1301.0,"16":1323.0,"17":1240.0,"18":1202.0,"19":1227.0,"20":1160.0,"21":1134.0,"22":1111.0,"23":1069.0,"24":1079.0,"25":1023.0,"26":1028.0,"27":967.0,"28":960.0,"29":982.0},"val_loss":{"0":0.1670567095,"1":0.1667568386,"2":0.1571324766,"3":0.1526477039,"4":0.1610603929,"5":0.1620838344,"6":0.1600111425,"7":0.1512142569,"8":0.1566296369,"9":0.1489537954,"10":0.1597232372,"11":0.1522191912,"12":0.1543462276,"13":0.1603595465,"14":0.1546953619,"15":0.152041316,"16":0.148323819,"17":0.1561414152,"18":0.1539696902,"19":0.1496389508,"20":0.1540351808,"21":0.1563252658,"22":0.154296115,"23":0.1615052819,"24":0.160969466,"25":0.1579168439,"26":0.164277941,"27":0.160858795,"28":0.1611189544,"29":0.1631001085},"val_accuracy":{"0":0.9386792183,"1":0.9357764721,"2":0.9437590837,"3":0.947024703,"4":0.9419448376,"5":0.9392235279,"6":0.9437590837,"7":0.9450290203,"8":0.9414005876,"9":0.9450290203,"10":0.9446662068,"11":0.9452104568,"12":0.9441218972,"13":0.9426705241,"14":0.9428519607,"15":0.9443033338,"16":0.9459361434,"17":0.9435776472,"18":0.9426705241,"19":0.9439405203,"20":0.9430333972,"21":0.9439405203,"22":0.9450290203,"23":0.9426705241,"24":0.9415820241,"25":0.9461175799,"26":0.9397677779,"27":0.9399492145,"28":0.9453918934,"29":0.9439405203},"val_precision":{"0":0.9403527975,"1":0.9360813498,"2":0.9438998103,"3":0.9465579987,"4":0.9419132471,"5":0.9384169579,"6":0.9435980916,"7":0.9452104568,"8":0.941742301,"9":0.9450290203,"10":0.9444948435,"11":0.9450389743,"12":0.9441218972,"13":0.9426601529,"14":0.9430127144,"15":0.9443033338,"16":0.9459263086,"17":0.9439201355,"18":0.9421787262,"19":0.9439506531,"20":0.9430333972,"21":0.9442831278,"22":0.9450290203,"23":0.9418793917,"24":0.9414111972,"25":0.9461175799,"26":0.9397568703,"27":0.9399383068,"28":0.9453918934,"29":0.9439405203},"val_recall":{"0":0.9381349683,"1":0.9352322221,"2":0.9432148337,"3":0.9479317665,"4":0.9414005876,"5":0.9399492145,"6":0.9439405203,"7":0.9452104568,"8":0.9414005876,"9":0.9450290203,"10":0.9446662068,"11":0.9452104568,"12":0.9441218972,"13":0.9424890876,"14":0.9426705241,"15":0.9443033338,"16":0.9457547069,"17":0.9435776472,"18":0.9430333972,"19":0.9441218972,"20":0.9430333972,"21":0.9439405203,"22":0.9450290203,"23":0.9437590837,"24":0.9415820241,"25":0.9461175799,"26":0.9395863414,"27":0.9397677779,"28":0.9453918934,"29":0.9439405203},"val_true_positives":{"0":5171.0,"1":5155.0,"2":5199.0,"3":5225.0,"4":5189.0,"5":5181.0,"6":5203.0,"7":5210.0,"8":5189.0,"9":5209.0,"10":5207.0,"11":5210.0,"12":5204.0,"13":5195.0,"14":5196.0,"15":5205.0,"16":5213.0,"17":5201.0,"18":5198.0,"19":5204.0,"20":5198.0,"21":5203.0,"22":5209.0,"23":5202.0,"24":5190.0,"25":5215.0,"26":5179.0,"27":5180.0,"28":5211.0,"29":5203.0},"val_true_negatives":{"0":5184.0,"1":5160.0,"2":5203.0,"3":5217.0,"4":5192.0,"5":5172.0,"6":5201.0,"7":5210.0,"8":5191.0,"9":5209.0,"10":5206.0,"11":5209.0,"12":5204.0,"13":5196.0,"14":5198.0,"15":5205.0,"16":5214.0,"17":5203.0,"18":5193.0,"19":5203.0,"20":5198.0,"21":5205.0,"22":5209.0,"23":5191.0,"24":5189.0,"25":5215.0,"26":5180.0,"27":5181.0,"28":5211.0,"29":5203.0},"val_false_positives":{"0":328.0,"1":352.0,"2":309.0,"3":295.0,"4":320.0,"5":340.0,"6":311.0,"7":302.0,"8":321.0,"9":303.0,"10":306.0,"11":303.0,"12":308.0,"13":316.0,"14":314.0,"15":307.0,"16":298.0,"17":309.0,"18":319.0,"19":309.0,"20":314.0,"21":307.0,"22":303.0,"23":321.0,"24":323.0,"25":297.0,"26":332.0,"27":331.0,"28":301.0,"29":309.0},"val_false_negatives":{"0":341.0,"1":357.0,"2":313.0,"3":287.0,"4":323.0,"5":331.0,"6":309.0,"7":302.0,"8":323.0,"9":303.0,"10":305.0,"11":302.0,"12":308.0,"13":317.0,"14":316.0,"15":307.0,"16":299.0,"17":311.0,"18":314.0,"19":308.0,"20":314.0,"21":309.0,"22":303.0,"23":310.0,"24":322.0,"25":297.0,"26":333.0,"27":332.0,"28":301.0,"29":309.0}}