{"loss":{"0":0.3866478205,"1":0.3178533912,"2":0.3076047897,"3":0.3037770391,"4":0.3005314469,"5":0.2931173742,"6":0.2858058512,"7":0.2855265141,"8":0.2811150849,"9":0.2795445025,"10":0.2752093673,"11":0.2722516656,"12":0.272197485,"13":0.2641272545,"14":0.2662440538,"15":0.2653899491,"16":0.2605755627,"17":0.2610614896,"18":0.2559437752,"19":0.2568323016,"20":0.2542197108,"21":0.2535936236,"22":0.245288834,"23":0.2470411062,"24":0.2450099885,"25":0.2456311584,"26":0.2372310907,"27":0.2349675298,"28":0.2378839254,"29":0.2316715866},"accuracy":{"0":0.8456409574,"1":0.864102304,"2":0.8676403761,"3":0.8680032492,"4":0.8674589396,"5":0.8742175698,"6":0.8779370189,"7":0.8795700073,"8":0.8787081838,"9":0.8815204501,"10":0.8833802342,"11":0.8843781352,"12":0.883652389,"13":0.8882337213,"14":0.8855574727,"15":0.8886873126,"16":0.8896398544,"17":0.8905470371,"18":0.890501678,"19":0.8916356564,"20":0.8935407996,"21":0.8924067616,"22":0.8966705799,"23":0.897033453,"24":0.8951737285,"25":0.8951737285,"26":0.9032024145,"27":0.9022498131,"28":0.9014787078,"29":0.9033384919},"precision":{"0":0.8364648819,"1":0.8621690273,"2":0.8665609956,"3":0.8660839796,"4":0.8671506643,"5":0.8739743233,"6":0.8784372211,"7":0.8792165518,"8":0.8785542846,"9":0.8814482093,"10":0.8832842112,"11":0.8843590021,"12":0.8837620616,"13":0.8881632686,"14":0.88570261,"15":0.8888233304,"16":0.8893877268,"17":0.8907738328,"18":0.8902897835,"19":0.8918734789,"20":0.8932426572,"21":0.8924472928,"22":0.8970507979,"23":0.8973277211,"24":0.8950208426,"25":0.8951953053,"26":0.9032067657,"27":0.9022907615,"28":0.9013924599,"29":0.9033516049},"recall":{"0":0.8380205035,"1":0.8625600934,"2":0.8680939674,"3":0.8674589396,"4":0.8669146299,"5":0.8744897246,"6":0.8781184554,"7":0.8796153665,"8":0.8787535429,"9":0.8812482953,"10":0.8832440972,"11":0.8845595717,"12":0.8835616708,"13":0.8883244395,"14":0.8854213953,"15":0.8884605169,"16":0.8895491362,"17":0.8907738328,"18":0.8904109597,"19":0.8915902972,"20":0.8934047222,"21":0.8924067616,"22":0.8968066573,"23":0.8971241713,"24":0.8952644467,"25":0.8949922919,"26":0.9032477736,"27":0.9022498131,"28":0.9014333487,"29":0.9034745693},"true_positives":{"0":18475.0,"1":19016.0,"2":19138.0,"3":19124.0,"4":19112.0,"5":19279.0,"6":19359.0,"7":19392.0,"8":19373.0,"9":19428.0,"10":19472.0,"11":19501.0,"12":19479.0,"13":19584.0,"14":19520.0,"15":19587.0,"16":19611.0,"17":19638.0,"18":19630.0,"19":19656.0,"20":19696.0,"21":19674.0,"22":19771.0,"23":19778.0,"24":19737.0,"25":19731.0,"26":19913.0,"27":19891.0,"28":19873.0,"29":19918.0},"true_negatives":{"0":18434.0,"1":19006.0,"2":19099.0,"3":19089.0,"4":19118.0,"5":19266.0,"6":19367.0,"7":19382.0,"8":19368.0,"9":19433.0,"10":19473.0,"11":19496.0,"12":19484.0,"13":19580.0,"14":19527.0,"15":19596.0,"16":19607.0,"17":19638.0,"18":19627.0,"19":19663.0,"20":19692.0,"21":19675.0,"22":19777.0,"23":19783.0,"24":19731.0,"25":19736.0,"26":19912.0,"27":19892.0,"28":19872.0,"29":19915.0},"false_positives":{"0":3612.0,"1":3040.0,"2":2947.0,"3":2957.0,"4":2928.0,"5":2780.0,"6":2679.0,"7":2664.0,"8":2678.0,"9":2613.0,"10":2573.0,"11":2550.0,"12":2562.0,"13":2466.0,"14":2519.0,"15":2450.0,"16":2439.0,"17":2408.0,"18":2419.0,"19":2383.0,"20":2354.0,"21":2371.0,"22":2269.0,"23":2263.0,"24":2315.0,"25":2310.0,"26":2134.0,"27":2154.0,"28":2174.0,"29":2131.0},"false_negatives":{"0":3571.0,"1":3030.0,"2":2908.0,"3":2922.0,"4":2934.0,"5":2767.0,"6":2687.0,"7":2654.0,"8":2673.0,"9":2618.0,"10":2574.0,"11":2545.0,"12":2567.0,"13":2462.0,"14":2526.0,"15":2459.0,"16":2435.0,"17":2408.0,"18":2416.0,"19":2390.0,"20":2350.0,"21":2372.0,"22":2275.0,"23":2268.0,"24":2309.0,"25":2315.0,"26":2133.0,"27":2155.0,"28":2173.0,"29":2128.0},"val_loss":{"0":0.2643149793,"1":0.2493997514,"2":0.2403219193,"3":0.2333871424,"4":0.2508138418,"5":0.2347090393,"6":0.2263220847,"7":0.23417373,"8":0.2347725481,"9":0.2362442613,"10":0.2308305502,"11":0.2316918224,"12":0.2245362103,"13":0.2249439359,"14":0.227101922,"15":0.2225208879,"16":0.2226965129,"17":0.2228312045,"18":0.2207783163,"19":0.2249087989,"20":0.2260853797,"21":0.233102873,"22":0.2327358425,"23":0.2285677791,"24":0.2312403321,"25":0.2232344896,"26":0.2191600651,"27":0.2276670933,"28":0.2283583581,"29":0.2193842977},"val_accuracy":{"0":0.8916908503,"1":0.9033018947,"2":0.907656014,"3":0.9072932005,"4":0.8976777792,"5":0.9083817005,"6":0.9096516967,"7":0.901669085,"8":0.9083817005,"9":0.9023947716,"10":0.9089259505,"11":0.907111764,"12":0.9098330736,"13":0.9098330736,"14":0.9109216332,"15":0.9123730063,"16":0.9132801294,"17":0.9109216332,"18":0.9103773832,"19":0.9098330736,"20":0.9112844467,"21":0.9045718312,"22":0.9092888236,"23":0.9072932005,"24":0.9033018947,"25":0.9078374505,"26":0.9120101333,"27":0.9092888236,"28":0.9085631371,"29":0.9089259505},"val_precision":{"0":0.8961086869,"1":0.8974910378,"2":0.9076392651,"3":0.9078851938,"4":0.9037078023,"5":0.9077396989,"6":0.9098330736,"7":0.9021601081,"8":0.908233583,"9":0.9043367505,"10":0.9090744257,"11":0.9069471955,"12":0.9099981785,"13":0.9098167419,"14":0.9110869169,"15":0.9124909043,"16":0.9132801294,"17":0.9109216332,"18":0.9103773832,"19":0.9098003507,"20":0.9112844467,"21":0.9042611122,"22":0.9092723727,"23":0.9072932005,"24":0.9037763476,"25":0.9078374505,"26":0.912325263,"27":0.9092888236,"28":0.9090248942,"29":0.9089259505},"val_recall":{"0":0.8857039213,"1":0.9085631371,"2":0.9074745774,"3":0.9065675139,"4":0.8887881041,"5":0.9085631371,"6":0.9098330736,"7":0.901669085,"8":0.9085631371,"9":0.9003991485,"10":0.9087445736,"11":0.907111764,"12":0.9098330736,"13":0.9096516967,"14":0.9109216332,"15":0.9118287563,"16":0.9132801294,"17":0.9109216332,"18":0.9103773832,"19":0.9094702601,"20":0.9112844467,"21":0.9047532678,"22":0.9091073871,"23":0.9072932005,"24":0.9031204581,"25":0.9078374505,"26":0.9118287563,"27":0.9092888236,"28":0.908200264,"29":0.9089259505},"val_true_positives":{"0":4882.0,"1":5008.0,"2":5002.0,"3":4997.0,"4":4899.0,"5":5008.0,"6":5015.0,"7":4970.0,"8":5008.0,"9":4963.0,"10":5009.0,"11":5000.0,"12":5015.0,"13":5014.0,"14":5021.0,"15":5026.0,"16":5034.0,"17":5021.0,"18":5018.0,"19":5013.0,"20":5023.0,"21":4987.0,"22":5011.0,"23":5001.0,"24":4978.0,"25":5004.0,"26":5026.0,"27":5012.0,"28":5006.0,"29":5010.0},"val_true_negatives":{"0":4946.0,"1":4940.0,"2":5003.0,"3":5005.0,"4":4990.0,"5":5003.0,"6":5015.0,"7":4973.0,"8":5006.0,"9":4987.0,"10":5011.0,"11":4999.0,"12":5016.0,"13":5015.0,"14":5022.0,"15":5030.0,"16":5034.0,"17":5021.0,"18":5018.0,"19":5015.0,"20":5023.0,"21":4984.0,"22":5012.0,"23":5001.0,"24":4982.0,"25":5004.0,"26":5029.0,"27":5012.0,"28":5011.0,"29":5010.0},"val_false_positives":{"0":566.0,"1":572.0,"2":509.0,"3":507.0,"4":522.0,"5":509.0,"6":497.0,"7":539.0,"8":506.0,"9":525.0,"10":501.0,"11":513.0,"12":496.0,"13":497.0,"14":490.0,"15":482.0,"16":478.0,"17":491.0,"18":494.0,"19":497.0,"20":489.0,"21":528.0,"22":500.0,"23":511.0,"24":530.0,"25":508.0,"26":483.0,"27":500.0,"28":501.0,"29":502.0},"val_false_negatives":{"0":630.0,"1":504.0,"2":510.0,"3":515.0,"4":613.0,"5":504.0,"6":497.0,"7":542.0,"8":504.0,"9":549.0,"10":503.0,"11":512.0,"12":497.0,"13":498.0,"14":491.0,"15":486.0,"16":478.0,"17":491.0,"18":494.0,"19":499.0,"20":489.0,"21":525.0,"22":501.0,"23":511.0,"24":534.0,"25":508.0,"26":486.0,"27":500.0,"28":506.0,"29":502.0}}